virus,,HSV-1,HSV-1,HSV-1,HSV-1,HSV-1,HSV-1,HSV-1,HSV-1,HSV-1,HSV-1,HSV-1,HSV-1,HSV-1,HSV-1,HSV-1,HSV-1,HSV-1,HSV-1,HSV-1,HSV-1,HSV-1,HSV-1,HSV-1,HSV-1,HSV-1,HSV-1,HSV-1,HSV-1,HSV-1,HSV-1,HSV-1,HSV-1,HSV-1,HSV-1,HSV-1,HSV-1,HSV-1,HSV-1,HSV-1,HSV-1,HSV-1,HSV-1,HSV-1,HSV-1,HSV-1,HSV-1,HSV-1,HSV-1,HSV-1,HSV-1,HSV-1,HSV-1,HSV-1,HSV-1,HSV-1,HSV-1,HSV-1,HSV-1,HSV-1,HSV-1,HSV-1,HSV-1,HSV-1,HSV-1,HSV-1,HSV-1,HSV-1,HSV-1,HSV-1,HSV-1,HSV-1,HSV-1,HSV-1,HSV-1,HSV-1,HSV-1,HSV-1,HSV-1,HSV-1,HSV-1,HSV-1,HSV-1,HSV-1,HSV-1,HSV-1,HSV-1,HSV-1,HSV-1,HSV-1,HSV-1,HSV-1,HSV-1,HSV-1,HSV-1,HSV-1,HSV-1,HSV-1,HSV-1,HSV-1,HSV-1,HSV-1,HSV-1,HSV-1,HSV-1,HSV-1,HSV-1,HSV-1,HSV-1,HSV-1,HSV-1,HSV-1,HSV-1,HSV-1,HSV-1,HSV-1,HSV-1,HSV-1,HSV-1,HSV-1,HSV-1,HSV-1,HSV-1,HSV-1,HSV-1,HSV-1,HSV-1,HSV-1,HSV-1,HSV-1,HSV-1,HSV-1,HSV-1,HSV-1,HSV-1,HSV-1,HSV-1,HSV-1,HSV-1,HSV-1,HSV-1,HSV-1,HSV-1,HSV-1,HSV-1,HSV-1,HSV-1,HSV-1,HSV-1,HSV-1,HSV-1,HSV-1,HSV-1,HSV-1,HSV-1,HSV-1,HSV-1,HSV-1,HSV-1,HSV-1,HSV-1,HSV-1,HSV-1,HSV-1,HSV-1,HSV-1,HSV-1,HSV-1,HSV-1,HSV-1,HSV-1,HSV-1,HSV-1,HSV-1,HSV-1,HSV-1,HSV-1,HSV-1,HSV-1,HSV-1,HSV-1,HSV-1,HSV-1,HSV-1,HSV-1,HSV-1,HCMV,HCMV,HCMV,HCMV,HCMV,HCMV,HCMV,HCMV,HCMV,HCMV,HCMV,HCMV,HCMV,HCMV,HCMV,HCMV,HCMV,HCMV,HCMV,HCMV,HCMV,HCMV,HCMV,HCMV,HCMV,HCMV,HCMV,HCMV,HCMV,HCMV,HCMV,HCMV,HCMV,HCMV,HCMV,HCMV,HCMV,HCMV,HCMV,HCMV,HCMV,HCMV,HCMV,HCMV,HCMV,HCMV,HCMV,HCMV,HCMV,HCMV,HCMV,HCMV,HCMV,HCMV,HCMV,HCMV,HCMV,HCMV,HCMV,HCMV,HCMV,HCMV,HCMV,HCMV,HCMV,HCMV,HCMV,HCMV,HCMV,HCMV,HCMV,HCMV,HCMV,HCMV,HCMV,HCMV,HCMV,HCMV,HCMV,HCMV,HCMV,HCMV,HCMV,HCMV,HCMV,HCMV,HCMV,HCMV,HCMV,HCMV,HCMV,HCMV,HCMV,HCMV,HCMV,HCMV,HCMV,HCMV,HCMV,HCMV,HCMV,HCMV,HCMV,HCMV,HCMV,HCMV,HCMV,HCMV,HCMV,HCMV,HCMV,HCMV,HCMV,HCMV,HCMV,HCMV,HCMV,HCMV,HCMV,HCMV,HCMV,HCMV,HCMV,HCMV,HCMV,HCMV,HCMV,HCMV,HCMV,HCMV,HCMV,HCMV,HCMV,HCMV,HCMV,HCMV,HCMV,HCMV,HCMV,HCMV,HCMV,HCMV,HCMV,HCMV,HCMV,HCMV,HCMV,HCMV,HCMV,HCMV,HCMV,HCMV,HCMV,HCMV,HCMV,HCMV,HCMV,HCMV,HCMV,HCMV,HCMV,HCMV,HCMV,HCMV,HCMV,HCMV,HCMV,HCMV,HCMV,HCMV,HCMV,HCMV,HCMV,HCMV,HCMV,HCMV,HCMV,HCMV,HCMV,HCMV,HCMV,HCMV,HCMV,HCMV,HCMV,HCMV,HCMV,HCMV,HCMV,HCMV,HCMV,HCMV,HCMV,HCMV,HCMV,HCMV,HCMV,HCMV,HCMV,HCMV,HCMV,HCMV,HCMV,HCMV,HCMV,HCMV,HCMV,HCMV,HCMV,HCMV,HCMV,HCMV,HCMV,HCMV,HCMV,HCMV,HCMV,HCMV,HCMV,HCMV,HCMV,HCMV,HCMV,KSHV,KSHV,KSHV,KSHV,KSHV,KSHV,KSHV,KSHV,KSHV,KSHV,KSHV,KSHV,KSHV,KSHV,KSHV,KSHV,KSHV,KSHV,KSHV,KSHV,KSHV,KSHV,KSHV,KSHV,KSHV,KSHV,KSHV,KSHV,KSHV,KSHV,KSHV,KSHV,KSHV,KSHV,KSHV,KSHV,KSHV,KSHV,KSHV,KSHV,KSHV,KSHV,KSHV,KSHV,KSHV,KSHV,KSHV,KSHV,KSHV,KSHV,KSHV,KSHV,KSHV,KSHV,KSHV,KSHV,KSHV,KSHV,KSHV,KSHV,KSHV,KSHV,KSHV,KSHV,KSHV,KSHV,KSHV,KSHV,KSHV,KSHV,KSHV,KSHV,KSHV,KSHV,KSHV,KSHV,KSHV,KSHV,KSHV,KSHV,KSHV,KSHV,KSHV,KSHV,KSHV,KSHV,KSHV,KSHV,KSHV,KSHV,KSHV,KSHV,KSHV,KSHV,KSHV,KSHV,KSHV,KSHV,KSHV,KSHV,KSHV,KSHV,KSHV,KSHV,KSHV,KSHV,KSHV,KSHV,KSHV,KSHV,KSHV,KSHV,KSHV,KSHV,KSHV,KSHV,KSHV,KSHV,KSHV,KSHV,KSHV,KSHV,KSHV,KSHV,KSHV,KSHV,KSHV,KSHV,KSHV,KSHV,KSHV,KSHV,KSHV,KSHV,KSHV,KSHV,KSHV,KSHV,KSHV,KSHV,KSHV,KSHV,KSHV,KSHV,KSHV,KSHV,KSHV,KSHV,KSHV,KSHV,KSHV,KSHV,KSHV
Protein Accession,,P10201,P10201,P10201,P10209,P10209,P10209,P10209,P04296,P04296,P04296,P04296,P10234,P10234,P10234,P10234,P10211,P10211,P10211,P10211,P10228,P10228,P10228,P10228,Q69091,Q69091,Q69091,Q69091,P04488,P04488,P04488,P04488,P06484,P06477,P06477,P06477,P06477,P06487,P06487,P68331,P68331,P04288,P04288,P04288,P04288,P10189,P10189,P08393,P08393,P08393,P08393,P04485,P04485,P04485,P04485,P08392,P08392,P08392,P08392,P06491,P06491,P06491,P06491,P10215,P10215,P10218,P10218,P10218,P10218,P08543,P08543,P08543,P10224,P10224,P10224,P10224,P10219,P03176,P03176,P03176,P03176,P32888,P32888,P32888,P32888,P10202,P10202,P10202,P10202,P04294,P04294,P04294,P04294,P04291,P10200,P10200,P10200,P10186,P10186,P10186,P10186,P10205,P10205,P10205,P10205,P10208,P10210,P10210,P10210,P10210,P10187,P04293,P04293,P04293,P04293,P10216,P10216,P10220,P10220,P10220,P10220,P10221,P10221,P10221,P10221,P10188,P10225,P10225,P10225,P10225,P10226,P10226,P10226,P10229,P10230,P10230,P10230,P10230,P10231,P10231,P10231,P10231,P06492,P06492,P06492,P10233,P10233,P10233,P10235,P10235,P10236,P10236,P10238,P10238,P10238,P10238,P10240,P10240,P10190,P10190,P10190,P10191,P10191,P10191,P10191,P10192,P10192,P10192,P10193,P06486,P06486,P06486,P04487,P04487,P04487,P04487,P03170,P06485,P06485,P06485,P06485,P04413,P04413,P04413,P06481,P06481,P16810,P16810,P16810,P16809,P16809,P16809,P17147,P17147,P17147,P06473,P06473,P06473,P12824,P16733,P16733,P16733,P16795,P16795,P09715,P09715,P09715,P16729,P16729,P16794,P16794,P16791,P16791,P16782,P16782,P16782,P16724,P16724,P16724,P16792,P16792,P16792,P16732,P16732,P16732,P09695,P09695,P16783,P16783,P16783,P16728,P16728,P16728,P16827,P16827,P16827,P16734,P16734,P16734,P17151,P17151,P17151,P16770,P16770,P16770,P16739,P16739,P16739,P19893,P19893,P13202,P13202,P13202,P16755,P16755,P16755,P69338,P69338,P69338,P16845,P16760,P16760,P16761,P16761,P16761,P16762,P16762,P16762,P16764,P16764,P16764,P16848,P16848,P08318,P08318,P08318,P16812,P16812,P16812,P16766,P16766,P16766,P16767,P16767,P16767,P16778,P16778,P16778,P16779,P16779,P16779,P16781,P16781,P16781,P16790,P16790,P16790,P16784,P16784,P16784,P16785,P16785,P16785,P16793,P16793,P16793,P08546,P08546,P08546,P16749,P16749,P16749,P16823,P16823,P16823,P16753,P16753,P16753,P06726,P06726,P06726,P06725,P06725,P06725,P16727,P16727,P16727,P16731,P16731,P16731,P16800,P16800,P16800,P16788,P16788,P16788,P16789,P16789,P16789,P09721,P09721,P09721,P09722,P09722,P09722,P09701,P09701,P09701,P09709,P09729,P09729,P09729,P16808,P16808,P09710,P09710,P16799,P16799,P16726,P16726,P16726,P16824,P16832,P16832,P16832,P16750,P16750,P16750,P16736,P16736,Q7M6N6,P16735,P16735,P16735,P16769,P16769,P16837,P16837,P16837,P16765,P17146,P17146,P17146,P16780,P16786,P17149,P17149,P17149,P16725,P16725,P16725,P16751,P16752,P16752,P16730,P16801,P16801,P16787,P16787,P13200,P13200,P09720,P09719,P09718,P69334,P09700,P09700,P09700,P09730,P90463,P90463,P90463,Q2HRD3,Q2HRD3,Q2HRD3,Q2HR78,Q2HR78,Q2HR78,F5HB81,F5HB81,Q2HRC7,Q2HRC7,Q2HRC7,P90495,P90495,P90495,P90489,P90489,P90489,Q2HR82,Q2HR82,Q2HR82,F5HB98,F5HB98,F5HB98,Q2HRA7,Q2HRA7,Q2HRA7,F5H982,F5H982,F5H982,F5HA27,F5HA27,F5HA27,Q2HRC9,Q2HRC9,Q2HRC9,Q2HRC8,Q2HRC8,Q2HRC8,Q2HRB6,Q2HRB6,Q2HRB6,F5HHY1,Q2HRD4,Q2HRD4,Q2HRD4,F5HDE4,F5HDE4,F5HDE4,F5HCV3,F5HCV3,F5HCV3,Q2HR80,Q2HR80,Q2HR80,Q2HR75,Q2HR75,Q2HR75,F5HID2,F5HID2,F5HID2,Q9QR70,Q9QR70,Q9QR70,Q2HRD0,Q2HRD0,Q2HRD0,Q2HR67,Q2HR67,Q2HR67,Q2HR63,Q2HR63,F5HB62,F5HB62,F5HB62,F5HB39,F5HB39,F5HB39,Q2HRB3,Q2HRB3,Q2HRB3,F5HAK9,F5HAK9,F5HAK9,F5HDB7,F5HDB7,F5HDB7,F5HDD0,F5HDD0,F5HDD0,Q2HR89,Q2HR89,Q2HR89,P0C788,P0C788,Q98157,F5HGJ3,F5HGJ3,Q2HRC6,Q2HRC6,Q2HRB2,F5HIM6,F5HIM6,F5HFD2,F5HFD2,F5HFD2,F5HDY6,F5HDY6,F5HDY6,F5HI25,F5HEF2,F5HEF2,F5HEF2,Q2HR98,Q2HR98,F5HCD4,F5HCD4,F5HGH5,Q2HR95,Q2HR95,Q2HR95,Q2HR92,Q2HR92,F5HAI6,F5HAI6,F5HGK9,F5HGK9,F5HGK9,F5HFA1,F5HFA1,Q2HR85,Q2HR83,F5H9W9,F5H9W9,F5H9W9,F5HIN0,F5HIN0,F5HIN0,F5HEU7,Q2HR64,Q2HR64,Q2HR64,F5HG20,F5HG20,F5HF47,F5HF47,F5HF47,F5H8Y5,F5HGN8,F5HGN8,F5HF68
Protein Gene,,CVC1,CVC1,CVC1,CVC2,CVC2,CVC2,CVC2,DBP,DBP,DBP,DBP,DUT,DUT,DUT,DUT,gB,gB,gB,gB,gC,gC,gC,gC,gD,gD,gD,gD,gE,gE,gE,gE,gG,gH,gH,gH,gH,gI,gI,gK,gK,gM,gM,gM,gM,HELI,HELI,ICP0,ICP0,ICP0,ICP0,ICP22,ICP22,ICP22,ICP22,ICP4,ICP4,ICP4,ICP4,MCP,MCP,MCP,MCP,NEC1,NEC1,NEC2,NEC2,NEC2,NEC2,RIR1,RIR1,RIR1,RIR2,RIR2,RIR2,RIR2,SCP,TK,TK,TK,TK,TRX1,TRX1,TRX1,TRX1,TRX2,TRX2,TRX2,TRX2,UL12,UL12,UL12,UL12,UL14,UL16,UL16,UL16,UL2,UL2,UL2,UL2,UL21,UL21,UL21,UL21,UL24,UL26,UL26,UL26,UL26,UL3,UL30,UL30,UL30,UL30,UL32,UL32,UL36,UL36,UL36,UL36,UL37,UL37,UL37,UL37,UL4,UL41,UL41,UL41,UL41,UL42,UL42,UL42,UL45,UL46,UL46,UL46,UL46,UL47,UL47,UL47,UL47,UL48,UL48,UL48,UL49,UL49,UL49,UL51,UL51,UL52,UL52,UL54,UL54,UL54,UL54,UL56,UL56,UL6,UL6,UL6,UL7,UL7,UL7,UL7,UL8,UL8,UL8,UL9,US10,US10,US10,US11,US11,US11,US11,US12,US2,US2,US2,US2,US3,US3,US3,US9,US9,IR12,IR12,IR12,IR11,IR11,IR11,DBP,DBP,DBP,gB,gB,gB,gH,gM,gM,gM,gN,gN,IRS1,IRS1,IRS1,MCP,MCP,NEC1,NEC1,NEC2,NEC2,RIR1,RIR1,RIR1,TRM1,TRM1,TRM1,TRM2,TRM2,TRM2,TRM3,TRM3,TRM3,TRS1,TRS1,TRX1,TRX1,TRX1,TRX2,TRX2,TRX2,UL102,UL102,UL102,UL103,UL103,UL103,UL112/UL113,UL112/UL113,UL112/UL113,UL117,UL117,UL117,UL119/UL118,UL119/UL118,UL119/UL118,UL122,UL122,UL123,UL123,UL123,UL13,UL13,UL13,UL132,UL132,UL132,UL22A,UL24,UL24,UL25,UL25,UL25,UL26,UL26,UL26,UL29,UL29,UL29,UL31,UL31,UL32,UL32,UL32,UL34,UL34,UL34,UL35,UL35,UL35,UL36,UL36,UL36,UL37,UL37,UL37,UL38,UL38,UL38,UL43,UL43,UL43,UL44,UL44,UL44,UL47,UL47,UL47,UL48,UL48,UL48,UL52,UL52,UL52,UL54,UL54,UL54,UL69,UL69,UL69,UL71,UL71,UL71,UL80,UL80,UL80,UL82,UL82,UL82,UL83,UL83,UL83,UL84,UL84,UL84,UL88,UL88,UL88,UL94,UL94,UL94,UL97,UL97,UL97,UL98,UL98,UL98,US12,US12,US12,US22,US22,US22,US23,US23,US23,US34,US9,US9,US9,IR10,IR10,IR01,IR01,CVC1,CVC1,CVC2,CVC2,CVC2,DUT,gL,gL,gL,GO,GO,GO,HELI,HELI,SCP,UL104,UL104,UL104,UL114,UL114,UL128,UL128,UL128,UL30,UL4,UL4,UL4,UL40,UL49,UL70,UL70,UL70,UL76,UL76,UL76,UL78,UL79,UL79,UL87,UL95,UL95,UL96,UL96,UL99,UL99,US13,US14,US15,US18,US24,US24,US24,US8,70,70,70,DBP,DBP,DBP,DUT,DUT,DUT,gB,gB,K2,K2,K2,K3,K3,K3,K5,K5,K5,K8,K8,K8,K8.1,K8.1,K8.1,MCP,MCP,MCP,NEC1,NEC1,NEC1,NEC2,NEC2,NEC2,ORF10,ORF10,ORF10,ORF11,ORF11,ORF11,ORF17,ORF17,ORF17,ORF38,ORF4,ORF4,ORF4,ORF45,ORF45,ORF45,ORF50,ORF50,ORF50,ORF52,ORF52,ORF52,ORF57,ORF57,ORF57,ORF59,ORF59,ORF59,ORF75,ORF75,ORF75,ORF9,ORF9,ORF9,RIR1,RIR1,RIR1,SCP,SCP,TK,TK,TK,CVC1,CVC1,CVC1,CVC2,CVC2,CVC2,gH,gH,gH,gL,gL,gL,gM,gM,gM,HELI,HELI,HELI,K14,K14,ORF K4,ORF16,ORF16,ORF2,ORF2,ORF20,ORF23,ORF23,ORF24,ORF24,ORF24,ORF27,ORF27,ORF27,ORF28,ORF33,ORF33,ORF33,ORF34,ORF34,ORF35,ORF35,ORF36,ORF37,ORF37,ORF37,ORF40,ORF40,ORF42,ORF42,ORF43,ORF43,ORF43,ORF46,ORF46,ORF48,ORF49,ORF55,ORF55,ORF55,ORF56,ORF56,ORF56,ORF63,ORF64,ORF64,ORF64,ORF66,ORF66,ORF68,ORF68,ORF68,TRX1,TRX2,TRX2,vIRF-1
temporality,,L,L,L,L,L,L,L,E,E,E,E,E,E,E,E,L,L,L,L,L,L,L,L,L,L,L,L,L,L,L,L,nan,L,L,L,L,L,L,L,L,L,L,L,L,E,E,IE,IE,IE,IE,IE,IE,IE,IE,IE,IE,IE,IE,L,L,L,L,L,L,L,L,L,L,E,E,E,E,E,E,E,L,E,E,E,E,L,L,L,L,L,L,L,L,E,E,E,E,L,L,L,L,E,E,E,E,L,L,L,L,L,L,L,L,L,L,E,E,E,E,L,L,L,L,L,L,L,L,L,L,L,L,L,L,L,E,E,E,L,L,L,L,L,L,L,L,L,L,L,L,L,L,L,L,L,E,E,IE,IE,IE,IE,L,L,L,L,L,L,L,L,L,E,E,E,E,E,E,E,L,L,L,L,IE,L,L,L,L,E,E,E,E,E,LL,LL,LL,L,L,L,DE,DE,DE,DE,DE,DE,L,L,L,L,L,L,IE,IE,IE,L,L,DE,DE,DE,DE,DE,DE,DE,DE,DE,DE,L,L,L,LL,LL,LL,IE,IE,LL,LL,LL,LL,LL,LL,DE,DE,DE,L,L,L,DE,DE,DE,L,L,L,DE,DE,DE,IE,IE,IE,IE,IE,IE,IE,IE,LL,LL,LL,L,LL,LL,L,L,L,DE,DE,DE,L,L,L,L,L,DE,DE,DE,DE,DE,DE,DE,DE,DE,IE,IE,IE,IE,IE,IE,DE,DE,DE,L,L,L,DE,DE,DE,LL,LL,LL,DE,DE,DE,L,L,L,DE,DE,DE,LL,LL,LL,DE,DE,DE,L,L,L,L,L,L,LL,LL,LL,DE,DE,DE,L,L,L,L,L,L,DE,DE,DE,DE,DE,DE,DE,DE,DE,DE,DE,DE,DE,DE,DE,DE,DE,DE,DE,LL,LL,DE,DE,L,L,DE,DE,DE,LL,L,L,L,L,L,L,DE,DE,L,DE,DE,DE,DE,DE,DE,DE,DE,L,DE,DE,DE,LL,LL,LL,LL,LL,L,L,L,DE,L,L,L,DE,DE,DE,DE,L,L,DE,DE,LL,DE,DE,DE,DE,DE,DE,DE,DE,DE,DE,DE,DE,DE,DE,L,L,DE,DE,DE,DE,DE,DE,DE,DE,DE,IE,IE,IE,L,L,L,L,L,L,DE,DE,DE,DE,DE,DE,DE,DE,DE,DE,DE,DE,DE,DE,DE,L,L,L,L,IE,IE,IE,IE,IE,IE,L,L,L,IE,IE,IE,DE,DE,DE,L,L,L,DE,DE,DE,DE,DE,DE,L,L,DE,DE,DE,L,L,L,L,L,L,L,L,L,L,L,L,L,L,L,DE,DE,DE,DE,DE,DE,IE,IE,DE,DE,L,L,L,L,L,L,L,L,L,L,L,L,L,L,L,L,L,DE,DE,DE,DE,DE,DE,L,L,L,L,L,DE,DE,IE,DE,L,L,L,DE,DE,DE,L,L,L,L,DE,DE,L,L,L,L,L,L,DE
Peptide Modified Sequence,,AALQGGPR,AWLGEVTR,VVPLGDDLPAR,NFITPEFPR,DFWMSPVFNLPR,GASGSDSGAIK,LTALELINR,VPPGPLGYVYAR,VIAEPFNANHR,EALHTVVNNVR,VLFAGASANASEAAK,GGGVVQLNLVNR,VSGDSGWAVGR,EAIAFLPK,GLLVVPTR,DVTVSQVWFGHR,NNLETTAFHR,FTVAWDWVPK,LQFTYNHIQR,TTPTEPASPPTTPKPTSTPK,SPPTSTPDPKPK,ATCTAAAYYPR,DSVTFSR,DLPVLDQLTDPPGVR,SVLLNAPSEAPQIVR,SLGACPIR,YALPLR,VSVGEDVSLLPAPGPTGR,TDFVWQER,SLVIHGVR,NAVVEQPLPQR,DTLPQSPGPAFPLAEDVEK,VGDPADENPPGALPGPPGGPR,VFVLGSLTR,ALFYASAVLR,QPFLAGVPSAVQR,ATDSTHSPAYPTLELNLAQQPLLR,SHPSTPPK,MVAPATYLLNYAGR,IVSSVFLQYPYTK,GSPDSAPPTK,GGVAVPLR,GVLSGTYLR,HRPAPGSPPGIPEYAEDPYAISYGGQLDR,LNSAYVAMSR,TTSSEFLR,AGTAVDFIWTGNQR,GSGGPGVEGGHGPSR,YLPISGVSSVVALSPYVNK,HPWSGEQGASTR,DGVIFPK,APTPSAPSPNAMLR,WTPDLGYMR,LLQVSGGTWGMHLR,APAAGTDAGEDAGDAVSPR,GPSSAAPAAPGR,VAGGSEAAVAAVR,ALLEPDDDAPPLVLR,LFDFFSR,APPLALLLPMQR,YLDNGR,LLQSFLK,SSAAGGTLGVVR,SLSVPLVK,LIVPSTLR,GGDGEAGPYSPSSLPSR,VQLAFR,FMGPEDAGR,FLGDAVNR,DGETLRPNTLLLK,ADGTLPASTLVR,LSEGELSFYR,VDWLEAR,VTCQSNDLISR,VYGLFR,TYSPFVVR,VYIDGPHGMGK,DDIVYVPEPMTYWR,VLGASETIANIYTTQHR,VYGLLANTVR,DTAGQGLLR,GGAALIGSPR,AGTLLLALR,GLEPALER,VVFLPTIR,FPAVITR,LDSLDLTLR,FPVPLPSPLAR,APLAIGPLWAR,DIHGYLAPVPK,HTISPVSWSSGDLVR,LEDGAGALGAAGPSK,EGVSTQDPR,IVNSVFVWR,AATPPEETPDPTTEQLAEEPVVGELDGAYLVPAK,LQEVVGGR,EDVFSWTR,ANVPPPPSLR,NVLAAVK,FSHPSPLSK,TSPGVLISGLR,TDVVITGR,LFGSAGAPR,LSPFPALVR,VSGNITAVVR,LGTIVTYDTGLDAAIAPFR,WSLVAER,QAGGQPAAGDPGVR,AADLFVSQMMGAR,GAAVASPDQPLHGGPER,GISADHFEAEVVER,LNAVAEAVLK,ESLLSILLR,IPQSSPEEAVLLDK,ATLVGSFAR,TDGGVPGR,LAGGLLER,AGAVEELGGR,VSGGPGPLVLR,VLPAFSAGGPPTR,FSSGQPSLLR,LGALITLLEPAAR,GVLQDLAER,QLEDAIVLLR,ASLTSALPDAAQVVHVFEYGTR,SLFPIFVTDR,GTSLASGTR,FLEQLR,TQAPPPAFYK,VELAITGQAPFR,EEGVSSSTSTQVQILSNALTK,DLPTGEASPGAFSAFR,SSGYWWVSGDGIR,FLPLGGSPEAPAETFAR,LANLWQTGK,VYEEIPWMR,TGPPPPPLSPSPVLAR,QGGYLGPVDAR,VEVLEGR,LLMGDEGAAALR,ATGLGGPPRP,DGLGLYYEALSR,EHLNLPLVR,LSFLPAGHTR,FVQYDESDYALYGGSSSEDDEHPEVPR,LHFSTAPPNPDAPWTPR,TDEDLNELLGITTIR,AAVPPSEAEPR,SADVLVSQAIR,GAAAAGFPLYVER,ETLTEVLGR,GSEQPDPPGGQR,APAADTIDATTR,VSWETLVAHGPSLYR,GVAEIDYATLGVGVGEK,SFGPGGLLATPLFLPETR,LVAPPDITR,EADIAGVAER,VFDTWR,LIINMK,SLVEAAEAISQQTLLR,FTATSIAR,LPGPPPR,APLVYWWLSETPK,ASWGPPAAPR,AQLLAALADLGGSGLADPHGR,GPAYTTAAGVVR,IIWGELFGVQMAK,DHPENLGNPEYR,YAPLASPDPFSPQHGAYAR,LVHTQWLR,GVPSAGMHPR,MISGPPQR,GDNDQAAGQCGDSGLLR,VGADTTISKPSEAVRPPTIPR,TGGTVTDSPR,TSVDASPALWSFLLR,DQPSPPR,TPDAWVGEPWAVPTR,GPQETDPLIAVR,AGWYTSTSHEAR,YQADLYTYLSR,QLLSAVDYIHR,LSDPNSSAR,SDMSVPLYPTASPVSVEAYYSESEDEAANDFLVR,NAHTQSWYWLR,YNTDIENEDR,YHMLQDTVSESEFIVR,MPPLCIITDAYK,VVVTDSQEADR,TDLDTEPLLLTVDGDLQ,LVYLQSSAR,FLNDVDILGSFGR,TAGVPAPMAATVAR,TMQLIPDDYSNTHSTR,SSNVFDLEEIMR,DTSLQAPPSYEESVYNSGR,TTLLLYPTAVDLAK,GMSLNQSTR,SLFFFSR,YQALATASGEEVAVLSHHDSLESR,LSSTTHDPNVMR,HANDDFYK,EPHGQWEFMFR,TLGLDLTTVMTER,TGPGPPPLPPK,TSAGEEMFEALR,VASGAGLPTSR,LTLHDLHDIFR,QHTCLDISPYGNEQVSR,VLHQDLVQATR,AASTSLAVR,VSSGLSTFNPAGATR,FEGEVLESVLK,ELVTEAVVWGNAR,IYPEVVAQNR,EYNLFTDIPER,LMNGFLYR,VYDLLLPSLDAR,TQLLTAIVSK,LMDINGILEGK,DPQFQQINNFMTDFK,EAFNTILGFLAQNTTK,YSTLNTNAYDYFGK,DDEDWKPSR,VTFSNIATHYHYNAQ,DPADEDNELVTALK,AALQWLDLGPHLLHR,LDNFSVELGDFR,LVAAVVPIPQR,AAVQQLQTITFR,LALEDSSMLLVK,DYLGPDLFETGAAR,VSVSELEAVYR,SLAVDAQHAAK,GVLEVHTDFTR,QNVMIMEPQVLDFTVR,LTGQDEAHSFSLK,ILHQSVNQTFDVR,VPPNSQESAAPQPPR,LLPETSGGTVVVNHSSVAR,YAPLFASK,YVFEEVSR,FFHQDPNR,GPFTQVGYLSAFPPDNEGK,SFTTTYVFIK,LEEPVEEK,GIQIIYTR,IFSTNQGGFMLPIYETAAK,VHEPFEEMK,LGGALQAK,VFAQYILGADPLR,HDASENAVR,QNPAAEAQELAVIPPAPTVLR,QQLTGEETR,DWDEEEEASAAR,DGNLDTSFVNPNYGR,GSPLTIESHLSDNEEDPIR,SVTVEQPSTSADGSNTTPSK,AWSLGLDTMAR,FSGHNGIYDR,SATEDLDR,FVLQDFDVQHLR,DYNVLFYTAHYTSR,APDGGLNLDDFMR,LLVVTQGQLR,GLLHSYFEDVER,DLGLSASMLR,VGLALLIDDFR,SSLYEANPELR,TAEQEVAAADPETGNER,HMDPEQDYR,DVVALVNFLR,DAADEVWALR,SGTGPQPGSAGMGGAK,DNVAGSISK,EPPTPADELQTAVSR,AEPSVSNDDGNGGER,TQLDVLYSDPLK,EGELFFFSK,ITTETYHLQR,SALGPFVGK,GDVESLSAEVTK,NVMTHEEAESR,LEDPLPPWLR,QHGVIDGENSETER,TPEVNPIDAEGLSGLAR,ISWLER,QLVLFMTPK,IPMTFVDR,SASLSFLDWPDGSVTEGVR,FLLPVGTVSR,VYVYSPVVESLYLVSR,LSEPPTLALR,IVTEHDTLLYVASR,NGLFAVENFLTEEPFQR,DASGLMFPIISTR,VTLALEQAQR,EFLEAPWESAPQPPR,YQQLVDEVEQELK,FNQDLLSALQQLSK,IDTQQELTAADR,LDALSTASER,VTNEAVLFGR,LVDPTYVIDK,EVIASVGELVPEPR,IGEYLLEQGFPVYEVR,GLTPQALVAR,VAASASVPLNPHYGK,ALQVTGTPQFFDQFDTNNAMGTYR,TDPATLTAYDK,ELQAFLDENFK,ILEALDILILK,ESAPQETLPTNHER,SDSYGLLGNSVDALYIR,HFADYVDPHYPGWGR,DSPGGMDEPPSGWER,LITNVEGGSLEAGR,LLVDLNNFGPR,TAADISSTLR,GDTPVLPHETR,GPQYSEHPTFTSQYR,IFAELEGVWQPAAQPK,YSGSPQTILTLTDK,SVIDQQLTR,SGAADEGLEVR,HVIWPGTSVLWAPDVVITTVQR,VEENDLVNVVLR,ALLADYAETFSPLGSFTR,TAAQVTLGDGLDYHIGVK,TDVWDLVK,VEEPVSR,VGGVDAVLEENDVELR,LGQGSFGEVWPLDR,AAGEQQQPPSLVGTGVHR,HGGSDDYVWLSR,EYLADLLYLNK,HAVSTVLDR,SVQHFLWMVR,VTAPYLR,TAHWLFHK,TLSMLQGLYLR,TEVEPLLMLGSIEGLR,WHGALGTITR,WEDGAPTFTR,TEAEVSEAEVEAR,INLNTDLSPEWVK,ILPVGSMYR,LSWSSDESSASSSSR,YETELPQVDAR,VTPSDLER,VATNCLVK,NNTGTEVDQCLAYR,QPVVTLLLAR,DGLADWNVVR,SAPKPQELLFGPR,VTLHGLAQR,LLEDAAVTMR,GVIQHLPGYGTITEELVQER,FTLADLLGSDAVAGGGLPGGR,FWETPTLIMK,ALLTLLSSDTAPR,HQLDPPLLR,VNLPAHSR,QLETTISTK,SIMATQLR,TTPTSPSMGFQR,HVPLADSAVSHETLER,IINYSQFVDHNLSSEITK,MSSLFNDK,TLFDTITVR,VANAPEVR,LVTHQGAEEAIVYSNYTVER,GSLLTPDEQAR,FLSLPDHDTVLLR,GIVTTMTHSLTR,LTSCNYNPLYLEADGR,AQYLLGAAGSVPYR,VLTDPEPIQSEAEGENK,TEDFLHWLLGWGHK,SICSFFPK,LQGNYNEQHYR,SLGVLPNDHHYALK,GGGSTAAAAAVGHAGAGQQAR,TPVLSPEHGGEVR,TAQTYTTGTLTR,LLPLFIVPDAYR,TTYSDADDQSVR,GGGQVWSVVPSLVFFQQK,GGGAVEPAVR,DLDDSFDYLVER,GLETLLLR,ETMNNLGVSDHAVLSR,DFFLLELQK,TTEDPPENHVVADVAR,LIETPDENFLLVTNVIPR,AAVQQELQR,QLQSGNVDDALDSLTELK,LCGSGCGGNDSSSGSHR,ISQRPPTPGTK,LPWTTVFAAFR,SLEEGSTISSR,GFQVPTDGTVIYVPPGIQETR,SHALVAEQQLFQWLK,EPLTPLGYAVILLPEPR,VANTITEFFR,FDPHEGAWER,DGVLDAVWR,DHFPLLTTK,EGDLGPVYGFQWR,SVSSMEEFTPDDFR,EAIVFHNTHLFQPIFQGK,LASMGISEGGDALR,HVIMTPLVDR,GEIQVILLNK,GIVIDVSEWGPR,ICQIVFVER,LASSVFDLETMFR,NILLGMHQLQQEER,LPDAPEFEK,TLGWDIQEELNK,HFASFYVLSAMEK,AYAAVNTR,DSEESVDEAAGYK,AGPSSLVDILPQGLPGGGYGSMGVIR,ALYAANNTR,VTVLPYR,DGSSGDEPDGGPNDR,GPHISQQLPTR,QLQQALEEK,EQIIFLR,VSPVAENGR,VPFSATTTTTR,DAHYNAEIR,GLVDTVLAVK,HAPPVFILK,GVESPAIQSTETWVVNK,TVMLPLDLSTVAPGR,QSFLQPGLLYANLVLK,ALHLGETALR,VVSSYLGQSGQSLDLER,QVLQFLVVTPK,ACTSDVTAVYWAGQGGR,IVAPGVINNFSEPIGIWVR,YLTFTQTGER,FVSFPAVLLPGK,GEPVWDSVIHPSHIVISNR,AYPNFTFDNTHR,ILPTVVESSSSVLIFR,AIDASFIR,NPYDPWYYSPQLPGYR,GAEDDEGHLFPGEEPAYHK,GMLLEQSQSPYPALK,VIFHGGQDALK,FPSVTHGYPIQGFSLTYK,CVLEDIDDPNNSNPGR,MLPIEGAPR,AHTPKPVAVVAGR,QSTASSGSEDVVR,IMAPLEIMTK,GQLAPENFYSITGSAEK,DSTAAATAAEATTPK,ISQLTVENR,EAQLTATVGALSAAAAK,QVDDALK,GTQSAQGIPPPLGR,LPASMIIDGESPR,FDDSIIPR,TTISYGDNLTSTVHK,SVDVGVVHTDALSR,VPDSIPDSR,ELGLQEWAR,ALPQELLPVPAWR,WAVNLETNVSK,AYDTQQYAVQK,LLTVWLAK,SSQVLDLILR,TMGTEPVYESVAQMFMR,LWYLFDPATAPNLIK,APFVDQSQSMSFFLK,LDHDYAHHPLVAR,MNTLDQGNMSQAEYLVQK,LSATDDDSGDYAPMDR,TPVTVDYR,LQFIVADADK,GPLQVLTGLLR,LSFNPVNADVPATWR,GLASEASAWIR,LDLLITQLK,LNLVSLLGPK,FQPGALPDPNAPMLK,SATQLINGR,LVLGDIFASK,SSQETVLAMVQLGAR,TGDITVETCVNGFNLR,LGSWASQENLR,LLWYLQR,FLMSSWVK,TPTVHQKPPPLPAK,DISTPAPR,VTQSSIEQLQR,GQYSSLSQSAFR,TLEYNLDISPELMDYIDR,ADIVSVTWQK,QLPGPVNVATYSHSYGVVVQTQYR,LMQQLPVTAR,LYITGLMR,FHSTTGINQLGLSMLQVSGDGNMNWGR,TLETPPPGAHFLASSLDAALGLAR,EALTGPWPVR,YSTLPDLWR,FGTPDSSTLPLYAAR,LAITSDQSYTNFK,DLVGFQLALNQLVSR,TLGSSTVSDMLEPTK,NANFISFVATTGHR,DAFLSDGIVDMAR,LPYTVPIINTTFGR,DYGLFISQPR,TLGPQAGSHAPPTVGIATQEPYR,FPYIAPPPSR,NFLGLLFDPIVQSR,APWVLLR,DLLSFVNHALK,GTQYITGNVQTQR,FGGSSAVFEK,EAELGTLVR,WTNLVVTSNLGFK,ATSSQSLNPVWDALR,IFSPWPITNNHFVAGPLAFGLR,ANLFVNVR,DLAIWELALR,TASLPVVLIMTVGR,NNALVGSNTPK,ATPLVMFK,NPGVFFR,ELLNLLMK,GPGSVNLLTANTFQSLGR,TPLINAQK,HLVLTAQHPSPLASLGGR,AQIVAFGTTSGFVK,ANLAYSLQQLYK,LGDPLEGCPER,IPAGCQETVK,LATAMASDDSVIWASEISHSLSEPTSVLPLTPAVTR,DTASLLATISQQVPHLR,IFYHDLSLSLPTLK,SIEDWLHSAVWDK,ALAFFVPPAPINTLQR,SLIQAFNAEGIR,LALSVAGPVPGR,LPPTAPTPATAALETK,GFQGNMPSWAR,AVLANNAALAIR,ILGISNLQFLK,LIASDMSELK,VVSEDVLFR,GFAEVVAMIK,LFADELAALQSK,ETSPDYIQIMQYLSK,SESPGEGPSGTGGSAAAGDITR
virus,strain,,,,,,,,,,,,,,,,,,,,,,,,,,,,,,,,,,,,,,,,,,,,,,,,,,,,,,,,,,,,,,,,,,,,,,,,,,,,,,,,,,,,,,,,,,,,,,,,,,,,,,,,,,,,,,,,,,,,,,,,,,,,,,,,,,,,,,,,,,,,,,,,,,,,,,,,,,,,,,,,,,,,,,,,,,,,,,,,,,,,,,,,,,,,,,,,,,,,,,,,,,,,,,,,,,,,,,,,,,,,,,,,,,,,,,,,,,,,,,,,,,,,,,,,,,,,,,,,,,,,,,,,,,,,,,,,,,,,,,,,,,,,,,,,,,,,,,,,,,,,,,,,,,,,,,,,,,,,,,,,,,,,,,,,,,,,,,,,,,,,,,,,,,,,,,,,,,,,,,,,,,,,,,,,,,,,,,,,,,,,,,,,,,,,,,,,,,,,,,,,,,,,,,,,,,,,,,,,,,,,,,,,,,,,,,,,,,,,,,,,,,,,,,,,,,,,,,,,,,,,,,,,,,,,,,,,,,,,,,,,,,,,,,,,,,,,,,,,,,,,,,,,,,,,,,,,,,,,,,,,,,,,,,,,,,,,,,,,,,,,,,,,,,,,,,,,,,,,,,,,,
HCMV,AD169,False,False,False,False,False,False,False,False,False,False,False,False,False,False,False,False,False,False,False,False,False,False,False,False,False,False,False,False,False,False,False,False,False,False,False,False,False,False,False,False,False,False,False,False,False,False,False,False,False,False,False,False,False,False,False,False,False,False,False,False,False,False,False,False,False,False,False,False,False,False,False,False,False,False,False,False,False,False,False,False,False,False,False,False,False,False,False,False,False,False,False,False,False,False,False,False,False,False,False,False,False,False,False,False,False,False,False,False,False,False,False,False,False,False,False,False,False,False,False,False,False,False,False,False,False,False,False,False,False,False,False,False,False,False,False,False,False,False,False,False,False,False,False,False,False,False,False,False,False,False,False,False,False,False,False,False,False,False,False,False,False,False,False,False,False,False,False,False,False,False,False,False,False,False,False,False,False,False,False,False,False,False,False,False,False,True,True,True,True,True,True,True,True,True,True,True,True,True,True,True,True,True,True,True,True,True,True,True,True,True,True,True,True,True,True,True,True,True,True,True,True,True,True,True,True,True,True,True,True,True,True,True,True,True,True,True,True,True,True,True,True,True,True,True,True,True,True,True,True,True,True,True,True,True,True,True,True,True,True,True,True,True,True,True,True,True,True,True,True,True,True,True,True,True,True,True,True,True,True,True,True,True,True,True,True,True,True,True,True,True,True,True,True,True,True,True,True,True,True,True,True,True,True,True,True,True,True,True,True,True,True,True,True,True,True,True,True,True,True,True,True,True,True,True,True,True,True,True,True,True,True,True,True,True,True,True,True,True,True,True,True,True,True,True,True,True,True,True,True,True,True,True,True,True,True,True,True,True,True,True,True,True,True,True,True,True,True,True,True,True,True,True,True,True,True,True,False,True,True,True,True,True,True,True,True,True,True,True,True,True,True,True,True,True,True,True,True,True,True,True,True,True,True,True,True,True,True,True,False,False,False,False,False,False,False,False,False,False,False,False,False,False,False,False,False,False,False,False,False,False,False,False,False,False,False,False,False,False,False,False,False,False,False,False,False,False,False,False,False,False,False,False,False,False,False,False,False,False,False,False,False,False,False,False,False,False,False,False,False,False,False,False,False,False,False,False,False,False,False,False,False,False,False,False,False,False,False,False,False,False,False,False,False,False,False,False,False,False,False,False,False,False,False,False,False,False,False,False,False,False,False,False,False,False,False,False,False,False,False,False,False,False,False,False,False,False,False,False,False,False,False,False,False,False,False,False,False,False,False,False,False,False,False,False,False,False,False,False,False,False,False,False,False,False,False,False,False,False,False,False,False
HCMV,Merlin,False,False,False,False,False,False,False,False,False,False,False,False,False,False,False,False,False,False,False,False,False,False,False,False,False,False,False,False,False,False,False,False,False,False,False,False,False,False,False,False,False,False,False,False,False,False,False,False,False,False,False,False,False,False,False,False,False,False,False,False,False,False,False,False,False,False,False,False,False,False,False,False,False,False,False,False,False,False,False,False,False,False,False,False,False,False,False,False,False,False,False,False,False,False,False,False,False,False,False,False,False,False,False,False,False,False,False,False,False,False,False,False,False,False,False,False,False,False,False,False,False,False,False,False,False,False,False,False,False,False,False,False,False,False,False,False,False,False,False,False,False,False,False,False,False,False,False,False,False,False,False,False,False,False,False,False,False,False,False,False,False,False,False,False,False,False,False,False,False,False,False,False,False,False,False,False,False,False,False,False,False,False,False,False,False,False,False,False,True,True,False,True,True,True,False,True,True,True,True,True,False,False,False,True,True,True,True,True,True,True,True,True,True,True,True,True,True,True,True,True,True,True,True,True,True,False,True,True,True,True,True,True,True,True,True,True,True,True,True,True,True,True,True,True,False,True,True,True,True,False,True,True,False,False,True,True,True,True,False,True,True,True,True,True,True,True,True,True,True,True,False,True,True,True,True,True,True,True,False,True,True,True,True,True,True,True,False,True,True,True,False,True,True,True,True,True,True,True,True,True,True,True,True,False,True,True,True,True,True,True,True,True,True,True,True,True,True,True,True,True,True,True,True,False,True,True,True,True,True,True,True,True,True,True,True,True,True,True,True,False,True,True,True,True,True,True,True,False,True,True,True,False,True,True,True,True,True,False,False,True,True,True,True,True,False,True,False,True,True,True,True,False,True,True,True,True,False,True,False,True,True,False,True,False,True,True,True,True,True,True,True,True,True,True,False,True,True,True,True,True,True,True,True,True,True,True,True,True,False,False,False,False,False,False,False,False,False,False,False,False,False,False,False,False,False,False,False,False,False,False,False,False,False,False,False,False,False,False,False,False,False,False,False,False,False,False,False,False,False,False,False,False,False,False,False,False,False,False,False,False,False,False,False,False,False,False,False,False,False,False,False,False,False,False,False,False,False,False,False,False,False,False,False,False,False,False,False,False,False,False,False,False,False,False,False,False,False,False,False,False,False,False,False,False,False,False,False,False,False,False,False,False,False,False,False,False,False,False,False,False,False,False,False,False,False,False,False,False,False,False,False,False,False,False,False,False,False,False,False,False,False,False,False,False,False,False,False,False,False,False,False,False,False,False,False,False,False,False,False,False,False
HCMV,TB40_E,False,False,False,False,False,False,False,False,False,False,False,False,False,False,False,False,False,False,False,False,False,False,False,False,False,False,False,False,False,False,False,False,False,False,False,False,False,False,False,False,False,False,False,False,False,False,False,False,False,False,False,False,False,False,False,False,False,False,False,False,False,False,False,False,False,False,False,False,False,False,False,False,False,False,False,False,False,False,False,False,False,False,False,False,False,False,False,False,False,False,False,False,False,False,False,False,False,False,False,False,False,False,False,False,False,False,False,False,False,False,False,False,False,False,False,False,False,False,False,False,False,False,False,False,False,False,False,False,False,False,False,False,False,False,False,False,False,False,False,False,False,False,False,False,False,False,False,False,False,False,False,False,False,False,False,False,False,False,False,False,False,False,False,False,False,False,False,False,False,False,False,False,False,False,False,False,False,False,False,False,False,False,False,False,False,False,False,False,True,True,False,True,True,True,False,True,True,True,True,True,False,False,False,False,False,False,True,True,True,True,True,True,False,True,True,True,True,True,True,True,True,True,True,True,False,False,True,True,True,True,True,True,True,True,True,True,True,True,True,True,True,True,True,True,False,True,True,True,True,True,False,True,True,True,True,True,True,True,True,True,True,True,True,True,True,True,True,True,True,True,False,True,True,False,True,True,True,True,False,True,True,True,True,True,True,True,True,True,True,True,True,True,True,True,True,True,True,True,True,True,True,True,True,True,True,True,True,True,False,True,True,True,True,True,True,False,True,True,True,True,True,True,True,False,True,True,True,True,True,True,True,True,True,True,True,True,True,True,True,False,True,True,True,True,True,True,True,False,True,True,True,True,True,True,True,True,True,False,False,True,True,True,True,True,False,True,False,True,True,True,True,True,True,True,True,True,False,True,False,False,False,False,True,True,True,True,True,True,True,True,True,True,True,True,False,True,True,True,True,True,True,True,True,True,True,True,True,True,False,False,False,False,False,False,False,False,False,False,False,False,False,False,False,False,False,False,False,False,False,False,False,False,False,False,False,False,False,False,False,False,False,False,False,False,False,False,False,False,False,False,False,False,False,False,False,False,False,False,False,False,False,False,False,False,False,False,False,False,False,False,False,False,False,False,False,False,False,False,False,False,False,False,False,False,False,False,False,False,False,False,False,False,False,False,False,False,False,False,False,False,False,False,False,False,False,False,False,False,False,False,False,False,False,False,False,False,False,False,False,False,False,False,False,False,False,False,False,False,False,False,False,False,False,False,False,False,False,False,False,False,False,False,False,False,False,False,False,False,False,False,False,False,False,False,False,False,False,False,False,False,False
HCMV,TR,False,False,False,False,False,False,False,False,False,False,False,False,False,False,False,False,False,False,False,False,False,False,False,False,False,False,False,False,False,False,False,False,False,False,False,False,False,False,False,False,False,False,False,False,False,False,False,False,False,False,False,False,False,False,False,False,False,False,False,False,False,False,False,False,False,False,False,False,False,False,False,False,False,False,False,False,False,False,False,False,False,False,False,False,False,False,False,False,False,False,False,False,False,False,False,False,False,False,False,False,False,False,False,False,False,False,False,False,False,False,False,False,False,False,False,False,False,False,False,False,False,False,False,False,False,False,False,False,False,False,False,False,False,False,False,False,False,False,False,False,False,False,False,False,False,False,False,False,False,False,False,False,False,False,False,False,False,False,False,False,False,False,False,False,False,False,False,False,False,False,False,False,False,False,False,False,False,False,False,False,False,False,False,False,False,False,False,False,True,True,False,True,True,True,False,True,True,True,True,True,False,False,False,True,True,True,True,True,True,True,True,True,False,True,True,True,True,True,True,True,True,True,True,True,False,False,True,True,True,True,True,True,False,True,True,True,True,True,True,True,True,True,True,True,False,True,True,True,True,True,False,True,True,False,True,True,True,True,False,True,True,True,True,True,True,True,True,True,True,True,False,True,True,False,True,True,True,True,False,True,True,False,True,True,True,True,True,True,True,True,False,True,True,True,True,True,True,True,True,True,True,True,True,True,True,True,True,True,True,True,True,True,True,True,True,True,True,True,True,True,True,True,True,False,True,True,True,True,True,True,True,True,True,True,True,True,True,True,True,False,True,True,True,True,True,True,True,False,True,True,True,False,True,True,True,True,True,False,False,False,True,True,True,True,False,False,False,True,True,True,True,True,True,True,True,False,False,True,False,False,False,False,True,True,True,True,True,True,True,False,True,True,True,True,False,True,True,True,True,True,True,True,True,True,True,True,True,True,False,False,False,False,False,False,False,False,False,False,False,False,False,False,False,False,False,False,False,False,False,False,False,False,False,False,False,False,False,False,False,False,False,False,False,False,False,False,False,False,False,False,False,False,False,False,False,False,False,False,False,False,False,False,False,False,False,False,False,False,False,False,False,False,False,False,False,False,False,False,False,False,False,False,False,False,False,False,False,False,False,False,False,False,False,False,False,False,False,False,False,False,False,False,False,False,False,False,False,False,False,False,False,False,False,False,False,False,False,False,False,False,False,False,False,False,False,False,False,False,False,False,False,False,False,False,False,False,False,False,False,False,False,False,False,False,False,False,False,False,False,False,False,False,False,False,False,False,False,False,False,False,False
HCMV,Toledo,False,False,False,False,False,False,False,False,False,False,False,False,False,False,False,False,False,False,False,False,False,False,False,False,False,False,False,False,False,False,False,False,False,False,False,False,False,False,False,False,False,False,False,False,False,False,False,False,False,False,False,False,False,False,False,False,False,False,False,False,False,False,False,False,False,False,False,False,False,False,False,False,False,False,False,False,False,False,False,False,False,False,False,False,False,False,False,False,False,False,False,False,False,False,False,False,False,False,False,False,False,False,False,False,False,False,False,False,False,False,False,False,False,False,False,False,False,False,False,False,False,False,False,False,False,False,False,False,False,False,False,False,False,False,False,False,False,False,False,False,False,False,False,False,False,False,False,False,False,False,False,False,False,False,False,False,False,False,False,False,False,False,False,False,False,False,False,False,False,False,False,False,False,False,False,False,False,False,False,False,False,False,False,False,False,True,True,True,True,False,False,True,True,True,False,True,True,True,True,True,False,False,False,True,True,True,True,True,True,True,True,True,True,True,True,True,True,True,True,True,True,True,True,True,False,False,True,True,True,True,True,True,True,True,True,True,True,True,True,True,True,False,True,True,False,True,True,True,True,True,True,True,False,True,False,True,True,True,False,True,True,True,True,True,True,True,True,True,True,True,False,True,False,False,True,True,True,True,False,True,True,True,True,True,True,True,True,True,True,True,False,True,True,True,True,True,True,True,True,True,True,True,True,True,True,True,True,True,True,True,True,True,True,True,True,True,True,True,True,True,True,False,True,False,True,True,True,True,True,True,True,True,True,True,True,True,True,True,True,False,True,True,True,True,True,True,True,True,True,True,False,True,True,False,True,False,True,False,False,True,True,True,True,True,False,True,False,True,True,True,True,True,True,True,True,True,False,True,True,False,True,False,True,True,True,True,True,True,True,True,False,True,True,True,False,True,True,True,False,True,True,True,False,True,True,True,True,True,False,False,False,False,False,False,False,False,False,False,False,False,False,False,False,False,False,False,False,False,False,False,False,False,False,False,False,False,False,False,False,False,False,False,False,False,False,False,False,False,False,False,False,False,False,False,False,False,False,False,False,False,False,False,False,False,False,False,False,False,False,False,False,False,False,False,False,False,False,False,False,False,False,False,False,False,False,False,False,False,False,False,False,False,False,False,False,False,False,False,False,False,False,False,False,False,False,False,False,False,False,False,False,False,False,False,False,False,False,False,False,False,False,False,False,False,False,False,False,False,False,False,False,False,False,False,False,False,False,False,False,False,False,False,False,False,False,False,False,False,False,False,False,False,False,False,False,False,False,False,False,False,False
HCMV,Towne,False,False,False,False,False,False,False,False,False,False,False,False,False,False,False,False,False,False,False,False,False,False,False,False,False,False,False,False,False,False,False,False,False,False,False,False,False,False,False,False,False,False,False,False,False,False,False,False,False,False,False,False,False,False,False,False,False,False,False,False,False,False,False,False,False,False,False,False,False,False,False,False,False,False,False,False,False,False,False,False,False,False,False,False,False,False,False,False,False,False,False,False,False,False,False,False,False,False,False,False,False,False,False,False,False,False,False,False,False,False,False,False,False,False,False,False,False,False,False,False,False,False,False,False,False,False,False,False,False,False,False,False,False,False,False,False,False,False,False,False,False,False,False,False,False,False,False,False,False,False,False,False,False,False,False,False,False,False,False,False,False,False,False,False,False,False,False,False,False,False,False,False,False,False,False,False,False,False,False,False,False,False,False,False,False,False,False,False,True,True,False,True,True,True,False,True,True,True,True,True,False,False,False,True,True,True,True,True,True,True,True,True,True,False,True,True,True,True,True,True,True,True,True,True,True,True,True,True,True,True,True,True,True,True,True,True,True,True,True,True,True,True,True,True,False,True,True,True,True,True,True,True,False,True,True,True,True,True,False,True,True,True,True,True,True,True,True,True,True,True,False,True,True,False,True,True,True,True,False,True,True,True,True,True,True,True,True,True,True,True,False,True,True,True,True,True,True,True,True,True,True,False,False,True,True,True,True,True,True,True,True,True,True,True,True,True,True,True,True,True,True,True,True,False,True,True,True,True,True,True,True,True,True,True,True,True,True,True,True,False,True,True,True,True,True,True,True,True,True,True,False,False,True,False,True,False,True,False,True,True,True,True,True,True,False,False,False,True,True,True,True,True,True,True,True,True,False,True,False,False,False,False,True,True,True,True,True,True,True,True,True,True,True,True,False,True,True,True,False,True,True,True,True,True,True,True,True,True,False,False,False,False,False,False,False,False,False,False,False,False,False,False,False,False,False,False,False,False,False,False,False,False,False,False,False,False,False,False,False,False,False,False,False,False,False,False,False,False,False,False,False,False,False,False,False,False,False,False,False,False,False,False,False,False,False,False,False,False,False,False,False,False,False,False,False,False,False,False,False,False,False,False,False,False,False,False,False,False,False,False,False,False,False,False,False,False,False,False,False,False,False,False,False,False,False,False,False,False,False,False,False,False,False,False,False,False,False,False,False,False,False,False,False,False,False,False,False,False,False,False,False,False,False,False,False,False,False,False,False,False,False,False,False,False,False,False,False,False,False,False,False,False,False,False,False,False,False,False,False,False,False
HSV-1,17,True,True,True,True,True,True,True,True,True,True,True,True,True,True,True,True,True,True,True,True,True,True,True,True,True,True,True,True,True,True,True,True,True,True,True,True,True,True,True,True,True,True,True,True,True,True,True,True,True,True,True,True,True,True,True,True,True,True,True,True,True,True,True,True,True,True,True,True,True,True,True,True,True,True,True,True,True,True,True,True,True,True,True,True,True,True,True,True,True,True,True,True,True,True,True,True,True,True,True,True,True,True,True,True,True,True,True,True,True,True,True,True,True,True,True,True,True,True,True,True,True,True,True,True,True,True,True,True,True,True,True,True,True,True,True,True,True,True,True,True,True,True,True,True,True,True,True,True,True,True,True,True,True,True,True,True,True,True,True,True,True,True,True,True,True,True,True,True,True,True,True,True,True,True,True,True,True,True,True,True,True,True,True,True,True,False,False,False,False,False,False,False,False,False,False,False,False,False,False,False,False,False,False,False,False,False,False,False,False,False,False,False,False,False,False,False,False,False,False,False,False,False,False,False,False,False,False,False,False,False,False,False,False,False,False,False,False,False,False,False,False,False,False,False,False,False,False,False,False,False,False,False,False,False,False,False,False,False,False,False,False,False,False,False,False,False,False,False,False,False,False,False,False,False,False,False,False,False,False,False,False,False,False,False,False,False,False,False,False,False,False,False,False,False,False,False,False,False,False,False,False,False,False,False,False,False,False,False,False,False,False,False,False,False,False,False,False,False,False,False,False,False,False,False,False,False,False,False,False,False,False,False,False,False,False,False,False,False,False,False,False,False,False,False,False,False,False,False,False,False,False,False,False,False,False,False,False,False,False,False,False,False,False,False,False,False,False,False,False,False,False,False,False,False,False,False,False,False,False,False,False,False,False,False,False,False,False,False,False,False,False,False,False,False,False,False,False,False,False,False,False,False,False,False,False,False,False,False,False,False,False,False,False,False,False,False,False,False,False,False,False,False,False,False,False,False,False,False,False,False,False,False,False,False,False,False,False,False,False,False,False,False,False,False,False,False,False,False,False,False,False,False,False,False,False,False,False,False,False,False,False,False,False,False,False,False,False,False,False,False,False,False,False,False,False,False,False,False,False,False,False,False,False,False,False,False,False,False,False,False,False,False,False,False,False,False,False,False,False,False,False,False,False,False,False,False,False,False,False,False,False,False,False,False,False,False,False,False,False,False,False,False,False,False,False,False,False,False,False,False,False,False,False,False,False,False,False,False,False,False,False,False,False,False,False,False,False,False,False,False,False,False,False,False,False,False,False,False,False,False,False
HSV-1,F,True,True,True,True,True,True,True,True,True,True,True,True,True,True,True,True,True,True,True,True,True,True,True,True,True,True,True,True,True,False,True,True,True,True,True,True,True,True,True,True,True,True,True,True,True,True,True,True,True,True,True,True,True,True,True,False,True,True,True,True,True,True,True,True,True,True,True,True,True,True,True,True,True,True,True,True,True,False,True,True,True,True,True,True,True,True,True,True,True,True,True,True,True,True,True,True,True,True,True,True,True,True,True,True,True,True,True,False,True,True,True,True,True,True,True,True,True,True,True,True,True,True,True,True,True,True,True,True,True,True,True,True,True,True,True,True,True,True,True,True,True,True,True,True,True,True,True,True,True,True,True,False,True,True,True,True,False,True,True,True,True,True,True,True,True,True,True,True,True,False,True,True,True,True,True,True,True,True,True,True,True,True,True,True,True,False,False,False,False,False,False,False,False,False,False,False,False,False,False,False,False,False,False,False,False,False,False,False,False,False,False,False,False,False,False,False,False,False,False,False,False,False,False,False,False,False,False,False,False,False,False,False,False,False,False,False,False,False,False,False,False,False,False,False,False,False,False,False,False,False,False,False,False,False,False,False,False,False,False,False,False,False,False,False,False,False,False,False,False,False,False,False,False,False,False,False,False,False,False,False,False,False,False,False,False,False,False,False,False,False,False,False,False,False,False,False,False,False,False,False,False,False,False,False,False,False,False,False,False,False,False,False,False,False,False,False,False,False,False,False,False,False,False,False,False,False,False,False,False,False,False,False,False,False,False,False,False,False,False,False,False,False,False,False,False,False,False,False,False,False,False,False,False,False,False,False,False,False,False,False,False,False,False,False,False,False,False,False,False,False,False,False,False,False,False,False,False,False,False,False,False,False,False,False,False,False,False,False,False,False,False,False,False,False,False,False,False,False,False,False,False,False,False,False,False,False,False,False,False,False,False,False,False,False,False,False,False,False,False,False,False,False,False,False,False,False,False,False,False,False,False,False,False,False,False,False,False,False,False,False,False,False,False,False,False,False,False,False,False,False,False,False,False,False,False,False,False,False,False,False,False,False,False,False,False,False,False,False,False,False,False,False,False,False,False,False,False,False,False,False,False,False,False,False,False,False,False,False,False,False,False,False,False,False,False,False,False,False,False,False,False,False,False,False,False,False,False,False,False,False,False,False,False,False,False,False,False,False,False,False,False,False,False,False,False,False,False,False,False,False,False,False,False,False,False,False,False,False,False,False,False,False,False,False,False,False,False,False,False,False,False,False,False,False,False,False,False,False,False,False,False
HSV-1,H129,True,True,True,True,True,True,True,True,True,True,True,True,True,True,True,True,True,True,True,True,True,True,True,True,True,True,True,True,True,True,True,True,True,True,True,True,True,True,True,True,True,True,True,True,True,True,True,True,True,True,True,True,True,True,True,False,True,True,True,True,True,True,True,True,True,True,True,True,True,True,True,True,True,True,True,True,True,False,True,False,True,True,True,True,True,True,True,True,True,True,True,True,True,True,True,True,True,True,True,True,True,True,True,True,True,True,True,False,True,True,True,True,True,True,True,True,True,True,True,True,True,True,True,True,True,True,True,True,True,True,True,True,True,True,True,True,True,True,True,True,True,True,True,True,True,True,True,True,True,True,True,False,True,True,True,True,True,True,True,True,True,True,True,True,True,False,True,False,True,False,True,True,True,True,True,True,True,True,True,True,True,True,True,True,True,False,False,False,False,False,False,False,False,False,False,False,False,False,False,False,False,False,False,False,False,False,False,False,False,False,False,False,False,False,False,False,False,False,False,False,False,False,False,False,False,False,False,False,False,False,False,False,False,False,False,False,False,False,False,False,False,False,False,False,False,False,False,False,False,False,False,False,False,False,False,False,False,False,False,False,False,False,False,False,False,False,False,False,False,False,False,False,False,False,False,False,False,False,False,False,False,False,False,False,False,False,False,False,False,False,False,False,False,False,False,False,False,False,False,False,False,False,False,False,False,False,False,False,False,False,False,False,False,False,False,False,False,False,False,False,False,False,False,False,False,False,False,False,False,False,False,False,False,False,False,False,False,False,False,False,False,False,False,False,False,False,False,False,False,False,False,False,False,False,False,False,False,False,False,False,False,False,False,False,False,False,False,False,False,False,False,False,False,False,False,False,False,False,False,False,False,False,False,False,False,False,False,False,False,False,False,False,False,False,False,False,False,False,False,False,False,False,False,False,False,False,False,False,False,False,False,False,False,False,False,False,False,False,False,False,False,False,False,False,False,False,False,False,False,False,False,False,False,False,False,False,False,False,False,False,False,False,False,False,False,False,False,False,False,False,False,False,False,False,False,False,False,False,False,False,False,False,False,False,False,False,False,False,False,False,False,False,False,False,False,False,False,False,False,False,False,False,False,False,False,False,False,False,False,False,False,False,False,False,False,False,False,False,False,False,False,False,False,False,False,False,False,False,False,False,False,False,False,False,False,False,False,False,False,False,False,False,False,False,False,False,False,False,False,False,False,False,False,False,False,False,False,False,False,False,False,False,False,False,False,False,False,False,False,False,False,False,False,False,False,False,False,False,False,False,False
HSV-1,KOS,True,True,True,True,True,True,True,True,True,True,True,True,True,True,True,True,True,True,True,True,True,True,False,True,True,True,True,True,True,True,True,False,True,True,True,True,True,True,True,True,True,True,True,True,True,True,True,True,True,True,True,True,True,True,True,False,True,True,True,True,True,True,True,False,True,True,True,True,True,True,True,True,True,True,True,True,True,False,True,True,True,True,True,True,True,True,True,True,True,True,True,True,True,True,True,True,True,True,False,True,True,True,True,True,True,True,True,True,True,False,True,True,True,True,True,True,True,True,True,False,True,True,True,True,True,True,True,True,True,True,True,True,True,True,True,True,True,True,True,True,True,True,True,True,True,True,True,True,True,True,True,False,True,True,True,True,True,True,True,True,True,True,True,True,True,True,True,True,True,False,True,True,True,True,True,True,True,True,True,True,True,True,True,True,True,False,False,False,False,False,False,False,False,False,False,False,False,False,False,False,False,False,False,False,False,False,False,False,False,False,False,False,False,False,False,False,False,False,False,False,False,False,False,False,False,False,False,False,False,False,False,False,False,False,False,False,False,False,False,False,False,False,False,False,False,False,False,False,False,False,False,False,False,False,False,False,False,False,False,False,False,False,False,False,False,False,False,False,False,False,False,False,False,False,False,False,False,False,False,False,False,False,False,False,False,False,False,False,False,False,False,False,False,False,False,False,False,False,False,False,False,False,False,False,False,False,False,False,False,False,False,False,False,False,False,False,False,False,False,False,False,False,False,False,False,False,False,False,False,False,False,False,False,False,False,False,False,False,False,False,False,False,False,False,False,False,False,False,False,False,False,False,False,False,False,False,False,False,False,False,False,False,False,False,False,False,False,False,False,False,False,False,False,False,False,False,False,False,False,False,False,False,False,False,False,False,False,False,False,False,False,False,False,False,False,False,False,False,False,False,False,False,False,False,False,False,False,False,False,False,False,False,False,False,False,False,False,False,False,False,False,False,False,False,False,False,False,False,False,False,False,False,False,False,False,False,False,False,False,False,False,False,False,False,False,False,False,False,False,False,False,False,False,False,False,False,False,False,False,False,False,False,False,False,False,False,False,False,False,False,False,False,False,False,False,False,False,False,False,False,False,False,False,False,False,False,False,False,False,False,False,False,False,False,False,False,False,False,False,False,False,False,False,False,False,False,False,False,False,False,False,False,False,False,False,False,False,False,False,False,False,False,False,False,False,False,False,False,False,False,False,False,False,False,False,False,False,False,False,False,False,False,False,False,False,False,False,False,False,False,False,False,False,False,False,False,False,False,False,False,False
HSV-1,MacIntyre,True,True,True,True,True,True,True,True,True,True,True,True,True,True,True,True,True,True,True,True,True,True,True,False,True,True,True,True,True,False,True,True,True,True,True,True,False,False,True,True,True,True,True,True,True,True,True,True,True,True,True,True,True,True,True,False,True,True,True,True,True,True,True,True,True,True,True,True,True,True,True,True,True,True,True,True,True,True,True,True,True,False,True,True,True,True,True,True,True,True,True,True,True,True,True,True,True,True,True,True,True,True,True,True,True,True,True,True,True,True,True,True,True,True,True,True,True,True,True,True,True,True,True,True,True,True,True,True,True,True,True,True,True,True,True,True,True,True,True,True,True,True,True,True,False,True,True,True,True,True,True,False,True,True,True,True,True,True,True,True,False,True,True,True,True,True,True,True,True,False,True,True,True,True,False,True,True,True,True,True,True,True,True,True,True,False,False,False,False,False,False,False,False,False,False,False,False,False,False,False,False,False,False,False,False,False,False,False,False,False,False,False,False,False,False,False,False,False,False,False,False,False,False,False,False,False,False,False,False,False,False,False,False,False,False,False,False,False,False,False,False,False,False,False,False,False,False,False,False,False,False,False,False,False,False,False,False,False,False,False,False,False,False,False,False,False,False,False,False,False,False,False,False,False,False,False,False,False,False,False,False,False,False,False,False,False,False,False,False,False,False,False,False,False,False,False,False,False,False,False,False,False,False,False,False,False,False,False,False,False,False,False,False,False,False,False,False,False,False,False,False,False,False,False,False,False,False,False,False,False,False,False,False,False,False,False,False,False,False,False,False,False,False,False,False,False,False,False,False,False,False,False,False,False,False,False,False,False,False,False,False,False,False,False,False,False,False,False,False,False,False,False,False,False,False,False,False,False,False,False,False,False,False,False,False,False,False,False,False,False,False,False,False,False,False,False,False,False,False,False,False,False,False,False,False,False,False,False,False,False,False,False,False,False,False,False,False,False,False,False,False,False,False,False,False,False,False,False,False,False,False,False,False,False,False,False,False,False,False,False,False,False,False,False,False,False,False,False,False,False,False,False,False,False,False,False,False,False,False,False,False,False,False,False,False,False,False,False,False,False,False,False,False,False,False,False,False,False,False,False,False,False,False,False,False,False,False,False,False,False,False,False,False,False,False,False,False,False,False,False,False,False,False,False,False,False,False,False,False,False,False,False,False,False,False,False,False,False,False,False,False,False,False,False,False,False,False,False,False,False,False,False,False,False,False,False,False,False,False,False,False,False,False,False,False,False,False,False,False,False,False,False,False,False,False,False,False,False,False,False,False
HSV-1,McKrae,True,True,True,True,True,True,True,True,True,True,True,True,True,True,True,True,True,True,True,True,True,False,True,True,True,True,True,True,True,True,True,False,True,True,True,True,False,True,True,True,True,True,True,True,True,True,True,True,True,True,True,True,True,True,True,False,True,True,True,True,True,True,True,True,True,True,True,True,True,True,True,True,True,True,True,True,True,True,True,False,True,False,True,True,True,True,True,True,True,True,True,True,True,True,True,True,True,True,True,True,True,True,True,True,True,True,True,True,True,True,True,True,True,True,True,True,True,True,True,True,True,True,True,True,True,True,True,True,True,True,True,True,True,True,True,True,True,True,True,True,True,True,True,True,True,True,True,True,True,True,True,False,True,True,True,True,True,True,True,True,True,True,True,True,True,False,True,True,True,False,True,True,True,True,True,True,True,True,True,True,True,True,True,True,True,False,False,False,False,False,False,False,False,False,False,False,False,False,False,False,False,False,False,False,False,False,False,False,False,False,False,False,False,False,False,False,False,False,False,False,False,False,False,False,False,False,False,False,False,False,False,False,False,False,False,False,False,False,False,False,False,False,False,False,False,False,False,False,False,False,False,False,False,False,False,False,False,False,False,False,False,False,False,False,False,False,False,False,False,False,False,False,False,False,False,False,False,False,False,False,False,False,False,False,False,False,False,False,False,False,False,False,False,False,False,False,False,False,False,False,False,False,False,False,False,False,False,False,False,False,False,False,False,False,False,False,False,False,False,False,False,False,False,False,False,False,False,False,False,False,False,False,False,False,False,False,False,False,False,False,False,False,False,False,False,False,False,False,False,False,False,False,False,False,False,False,False,False,False,False,False,False,False,False,False,False,False,False,False,False,False,False,False,False,False,False,False,False,False,False,False,False,False,False,False,False,False,False,False,False,False,False,False,False,False,False,False,False,False,False,False,False,False,False,False,False,False,False,False,False,False,False,False,False,False,False,False,False,False,False,False,False,False,False,False,False,False,False,False,False,False,False,False,False,False,False,False,False,False,False,False,False,False,False,False,False,False,False,False,False,False,False,False,False,False,False,False,False,False,False,False,False,False,False,False,False,False,False,False,False,False,False,False,False,False,False,False,False,False,False,False,False,False,False,False,False,False,False,False,False,False,False,False,False,False,False,False,False,False,False,False,False,False,False,False,False,False,False,False,False,False,False,False,False,False,False,False,False,False,False,False,False,False,False,False,False,False,False,False,False,False,False,False,False,False,False,False,False,False,False,False,False,False,False,False,False,False,False,False,False,False,False,False,False,False,False,False,False,False,False,False
HSV-1,Sc16,True,True,True,True,True,True,True,True,True,True,True,True,True,True,True,True,True,True,True,True,True,True,True,True,True,True,True,True,True,False,True,True,True,True,True,True,True,True,True,True,True,True,True,True,True,True,True,True,True,True,True,True,True,True,True,False,True,True,True,True,True,True,True,True,True,True,True,True,True,True,True,True,True,True,True,True,True,True,True,True,True,False,True,True,True,True,True,True,True,True,True,True,True,True,True,True,True,True,True,True,True,True,True,True,True,True,True,True,True,True,True,True,True,True,True,True,True,True,True,True,True,True,True,True,True,True,True,True,True,True,True,True,True,True,True,True,True,True,True,True,True,True,True,True,True,True,True,True,True,True,True,False,True,True,True,True,True,True,True,True,True,True,True,True,True,True,True,True,True,False,True,False,True,True,True,False,True,True,True,True,True,True,True,True,False,False,False,False,False,False,False,False,False,False,False,False,False,False,False,False,False,False,False,False,False,False,False,False,False,False,False,False,False,False,False,False,False,False,False,False,False,False,False,False,False,False,False,False,False,False,False,False,False,False,False,False,False,False,False,False,False,False,False,False,False,False,False,False,False,False,False,False,False,False,False,False,False,False,False,False,False,False,False,False,False,False,False,False,False,False,False,False,False,False,False,False,False,False,False,False,False,False,False,False,False,False,False,False,False,False,False,False,False,False,False,False,False,False,False,False,False,False,False,False,False,False,False,False,False,False,False,False,False,False,False,False,False,False,False,False,False,False,False,False,False,False,False,False,False,False,False,False,False,False,False,False,False,False,False,False,False,False,False,False,False,False,False,False,False,False,False,False,False,False,False,False,False,False,False,False,False,False,False,False,False,False,False,False,False,False,False,False,False,False,False,False,False,False,False,False,False,False,False,False,False,False,False,False,False,False,False,False,False,False,False,False,False,False,False,False,False,False,False,False,False,False,False,False,False,False,False,False,False,False,False,False,False,False,False,False,False,False,False,False,False,False,False,False,False,False,False,False,False,False,False,False,False,False,False,False,False,False,False,False,False,False,False,False,False,False,False,False,False,False,False,False,False,False,False,False,False,False,False,False,False,False,False,False,False,False,False,False,False,False,False,False,False,False,False,False,False,False,False,False,False,False,False,False,False,False,False,False,False,False,False,False,False,False,False,False,False,False,False,False,False,False,False,False,False,False,False,False,False,False,False,False,False,False,False,False,False,False,False,False,False,False,False,False,False,False,False,False,False,False,False,False,False,False,False,False,False,False,False,False,False,False,False,False,False,False,False,False,False,False,False,False,False,False,False,False,False
HSV-2,HG52,True,False,False,False,False,False,True,False,False,False,True,False,False,False,False,True,False,True,True,False,False,False,False,False,False,False,True,False,False,False,False,False,False,False,False,False,False,False,True,True,False,True,True,False,True,False,True,False,False,False,False,False,False,False,False,False,True,False,False,True,True,True,False,True,False,False,True,False,False,True,True,False,True,True,False,True,False,False,False,False,False,False,False,False,True,True,False,False,False,False,False,False,True,False,False,False,True,False,True,True,False,False,False,False,False,False,True,False,False,False,True,True,True,False,True,True,False,False,False,False,False,False,False,True,False,True,False,False,False,False,False,False,False,False,False,False,False,False,False,False,True,False,True,False,False,False,False,False,True,True,True,False,False,True,False,False,False,False,True,True,False,False,False,False,True,False,False,False,False,False,True,False,False,False,False,False,False,False,False,False,False,False,False,False,False,False,False,False,False,False,False,False,False,False,False,False,False,False,False,False,False,False,False,False,False,False,False,False,False,False,False,False,False,False,False,False,False,False,False,False,False,False,False,False,False,False,False,False,False,False,False,False,False,False,False,False,False,False,False,False,False,False,False,False,False,False,False,False,False,False,False,False,False,False,False,False,False,False,False,False,False,False,False,False,False,False,False,False,False,False,False,False,False,False,False,False,False,False,False,False,False,False,False,False,False,False,False,False,False,False,False,False,False,False,False,False,False,False,False,False,False,False,False,False,False,False,False,False,False,False,False,False,False,False,False,False,False,False,False,False,False,False,False,False,False,False,False,False,False,False,False,False,False,False,False,False,False,False,False,False,False,False,False,False,False,False,False,False,False,False,False,False,False,False,False,False,False,False,False,False,False,False,False,False,False,False,False,False,False,False,False,False,False,False,False,False,False,False,False,False,False,False,False,False,False,False,False,False,False,False,False,False,False,False,False,False,False,False,False,False,False,False,False,False,False,False,False,False,False,False,False,False,False,False,False,False,False,False,False,False,False,False,False,False,False,False,False,False,False,False,False,False,False,False,False,False,False,False,False,False,False,False,False,False,False,False,False,False,False,False,False,False,False,False,False,False,False,False,False,False,False,False,False,False,False,False,False,False,False,False,False,False,False,False,False,False,False,False,False,False,False,False,False,False,False,False,False,False,False,False,False,False,False,False,False,False,False,False,False,False,False,False,False,False,False,False,False,False,False,False,False,False,False,False,False,False,False,False,False,False,False,False,False,False,False,False,False,False,False,False,False,False,False,False,False,False,False,False,False,False,False,False,False,False,False,False,False,False,False,False,False,False,False,False,False,False,False,False,False,False,False
KSHV,BAC16,False,False,False,False,False,False,False,False,False,False,False,False,False,False,False,False,False,False,False,False,False,False,False,False,False,False,False,False,False,False,False,False,False,False,False,False,False,False,False,False,False,False,False,False,False,False,False,False,False,False,False,False,False,False,False,False,False,False,False,False,False,False,False,False,False,False,False,False,False,False,False,False,False,False,False,False,False,False,False,False,False,False,False,False,False,False,False,False,False,False,False,False,False,False,False,False,False,False,False,False,False,False,False,False,False,False,False,False,False,False,False,False,False,False,False,False,False,False,False,False,False,False,False,False,False,False,False,False,False,False,False,False,False,False,False,False,False,False,False,False,False,False,False,False,False,False,False,False,False,False,False,False,False,False,False,False,False,False,False,False,False,False,False,False,False,False,False,False,False,False,False,False,False,False,False,False,False,False,False,False,False,False,False,False,False,False,False,False,False,False,False,False,False,False,False,False,False,False,False,False,False,False,False,False,False,False,False,False,False,False,False,False,False,False,False,False,False,False,False,False,False,False,False,False,False,False,False,False,False,False,False,False,False,False,False,False,False,False,False,False,False,False,False,False,False,False,False,False,False,False,False,False,False,False,False,False,False,False,False,False,False,False,False,False,False,False,False,False,False,False,False,False,False,False,False,False,False,False,False,False,False,False,False,False,False,False,False,False,False,False,False,False,False,False,False,False,False,False,False,False,False,False,False,False,False,False,False,False,False,False,False,False,False,False,False,False,False,False,False,False,False,False,False,False,False,False,False,False,False,False,False,False,False,False,False,False,False,False,False,False,False,False,False,False,False,False,False,False,False,False,False,False,False,False,False,False,False,False,False,False,False,False,False,False,False,False,False,False,False,False,False,False,False,False,False,False,False,False,False,False,False,False,False,False,False,False,False,False,False,False,False,False,False,False,False,False,False,False,False,False,False,False,False,False,False,False,False,False,True,True,True,True,True,True,True,True,True,True,True,True,True,True,True,True,True,True,True,True,True,False,True,True,True,True,True,True,True,True,True,True,True,True,True,True,True,True,True,True,True,True,True,True,True,True,True,True,True,True,True,True,True,True,True,True,True,True,True,True,True,True,True,True,True,True,True,True,True,True,True,True,True,True,True,True,True,True,True,True,True,True,True,True,True,True,True,True,True,True,True,True,True,True,True,True,True,True,True,True,True,True,True,True,True,True,True,True,True,True,True,True,True,True,True,True,True,True,True,True,True,True,True,True,True,True,True,True,True,True,True,True,True,True,True,True,True,True,True,True,False,True,True,True,True,True,True,True,True,True,True,True,True
KSHV,BrK,False,False,False,False,False,False,False,False,False,False,False,False,False,False,False,False,False,False,False,False,False,False,False,False,False,False,False,False,False,False,False,False,False,False,False,False,False,False,False,False,False,False,False,False,False,False,False,False,False,False,False,False,False,False,False,False,False,False,False,False,False,False,False,False,False,False,False,False,False,False,False,False,False,False,False,False,False,False,False,False,False,False,False,False,False,False,False,False,False,False,False,False,False,False,False,False,False,False,False,False,False,False,False,False,False,False,False,False,False,False,False,False,False,False,False,False,False,False,False,False,False,False,False,False,False,False,False,False,False,False,False,False,False,False,False,False,False,False,False,False,False,False,False,False,False,False,False,False,False,False,False,False,False,False,False,False,False,False,False,False,False,False,False,False,False,False,False,False,False,False,False,False,False,False,False,False,False,False,False,False,False,False,False,False,False,False,False,False,False,False,False,False,False,False,False,False,False,False,False,False,False,False,False,False,False,False,False,False,False,False,False,False,False,False,False,False,False,False,False,False,False,False,False,False,False,False,False,False,False,False,False,False,False,False,False,False,False,False,False,False,False,False,False,False,False,False,False,False,False,False,False,False,False,False,False,False,False,False,False,False,False,False,False,False,False,False,False,False,False,False,False,False,False,False,False,False,False,False,False,False,False,False,False,False,False,False,False,False,False,False,False,False,False,False,False,False,False,False,False,False,False,False,False,False,False,False,False,False,False,False,False,False,False,False,False,False,False,False,False,False,False,False,False,False,False,False,False,False,False,False,False,False,False,False,False,False,False,False,False,False,False,False,False,False,False,False,False,False,False,False,False,False,False,False,False,False,False,False,False,False,False,False,False,False,False,False,False,False,False,False,False,False,False,False,False,False,False,False,False,False,False,False,False,False,False,False,False,False,False,False,False,False,False,False,False,False,False,False,False,False,False,False,False,False,False,False,False,False,True,True,True,True,True,True,True,True,True,True,True,True,True,True,True,True,True,True,True,True,True,False,True,True,True,True,True,True,True,True,True,True,True,True,True,True,True,True,True,True,True,True,True,True,True,True,True,True,True,True,True,True,True,True,True,True,True,True,True,True,True,True,True,True,True,True,True,True,True,True,True,True,True,True,True,True,True,True,True,True,True,True,True,True,True,True,True,True,True,True,True,True,True,True,True,True,True,True,True,True,True,True,True,True,True,True,True,True,True,True,True,True,True,True,True,True,True,True,True,True,True,True,True,True,True,True,True,True,True,True,True,True,True,True,True,True,True,True,True,True,True,True,True,True,True,True,True,True,True,True,True,True,True
KSHV,DG1,False,False,False,False,False,False,False,False,False,False,False,False,False,False,False,False,False,False,False,False,False,False,False,False,False,False,False,False,False,False,False,False,False,False,False,False,False,False,False,False,False,False,False,False,False,False,False,False,False,False,False,False,False,False,False,False,False,False,False,False,False,False,False,False,False,False,False,False,False,False,False,False,False,False,False,False,False,False,False,False,False,False,False,False,False,False,False,False,False,False,False,False,False,False,False,False,False,False,False,False,False,False,False,False,False,False,False,False,False,False,False,False,False,False,False,False,False,False,False,False,False,False,False,False,False,False,False,False,False,False,False,False,False,False,False,False,False,False,False,False,False,False,False,False,False,False,False,False,False,False,False,False,False,False,False,False,False,False,False,False,False,False,False,False,False,False,False,False,False,False,False,False,False,False,False,False,False,False,False,False,False,False,False,False,False,False,False,False,False,False,False,False,False,False,False,False,False,False,False,False,False,False,False,False,False,False,False,False,False,False,False,False,False,False,False,False,False,False,False,False,False,False,False,False,False,False,False,False,False,False,False,False,False,False,False,False,False,False,False,False,False,False,False,False,False,False,False,False,False,False,False,False,False,False,False,False,False,False,False,False,False,False,False,False,False,False,False,False,False,False,False,False,False,False,False,False,False,False,False,False,False,False,False,False,False,False,False,False,False,False,False,False,False,False,False,False,False,False,False,False,False,False,False,False,False,False,False,False,False,False,False,False,False,False,False,False,False,False,False,False,False,False,False,False,False,False,False,False,False,False,False,False,False,False,False,False,False,False,False,False,False,False,False,False,False,False,False,False,False,False,False,False,False,False,False,False,False,False,False,False,False,False,False,False,False,False,False,False,False,False,False,False,False,False,False,False,False,False,False,False,False,False,False,False,False,False,False,False,False,False,False,False,False,False,False,False,False,False,False,False,False,False,False,False,False,False,False,False,True,True,True,True,False,True,True,True,True,True,True,True,True,True,True,True,True,False,False,True,True,False,True,True,True,True,True,True,True,True,True,True,True,True,True,True,True,True,True,True,True,True,True,True,True,True,True,False,True,True,True,True,True,True,True,True,True,True,True,True,True,True,False,True,True,True,True,True,True,True,True,True,True,True,True,True,True,True,True,True,True,True,True,True,True,True,True,True,True,True,True,True,True,True,True,True,True,True,True,True,True,False,True,True,True,True,True,True,True,True,True,True,True,True,True,True,True,True,True,True,True,True,True,True,True,True,True,True,True,True,True,True,True,True,True,True,True,True,True,True,True,True,True,True,True,True,True,True,True,True,True,True,True
KSHV,GK18,False,False,False,False,False,False,False,False,False,False,False,False,False,False,False,False,False,False,False,False,False,False,False,False,False,False,False,False,False,False,False,False,False,False,False,False,False,False,False,False,False,False,False,False,False,False,False,False,False,False,False,False,False,False,False,False,False,False,False,False,False,False,False,False,False,False,False,False,False,False,False,False,False,False,False,False,False,False,False,False,False,False,False,False,False,False,False,False,False,False,False,False,False,False,False,False,False,False,False,False,False,False,False,False,False,False,False,False,False,False,False,False,False,False,False,False,False,False,False,False,False,False,False,False,False,False,False,False,False,False,False,False,False,False,False,False,False,False,False,False,False,False,False,False,False,False,False,False,False,False,False,False,False,False,False,False,False,False,False,False,False,False,False,False,False,False,False,False,False,False,False,False,False,False,False,False,False,False,False,False,False,False,False,False,False,False,False,False,False,False,False,False,False,False,False,False,False,False,False,False,False,False,False,False,False,False,False,False,False,False,False,False,False,False,False,False,False,False,False,False,False,False,False,False,False,False,False,False,False,False,False,False,False,False,False,False,False,False,False,False,False,False,False,False,False,False,False,False,False,False,False,False,False,False,False,False,False,False,False,False,False,False,False,False,False,False,False,False,False,False,False,False,False,False,False,False,False,False,False,False,False,False,False,False,False,False,False,False,False,False,False,False,False,False,False,False,False,False,False,False,False,False,False,False,False,False,False,False,False,False,False,False,False,False,False,False,False,False,False,False,False,False,False,False,False,False,False,False,False,False,False,False,False,False,False,False,False,False,False,False,False,False,False,False,False,False,False,False,False,False,False,False,False,False,False,False,False,False,False,False,False,False,False,False,False,False,False,False,False,False,False,False,False,False,False,False,False,False,False,False,False,False,False,False,False,False,False,False,False,False,False,False,False,False,False,False,False,False,False,False,False,False,False,False,False,False,False,False,True,True,True,True,True,True,True,True,True,True,True,True,True,True,True,True,False,True,True,True,True,False,True,True,True,True,True,True,True,True,True,True,True,True,True,True,True,True,True,True,True,True,True,True,True,True,True,True,True,True,True,True,True,True,True,True,True,True,True,True,True,True,True,True,True,True,True,True,True,True,True,True,True,True,True,True,True,True,True,True,True,True,True,True,True,True,True,True,True,True,True,True,True,True,True,True,True,True,True,True,True,True,True,True,True,True,True,True,True,True,True,True,True,True,True,True,True,True,True,True,True,True,True,True,True,True,True,True,True,True,True,True,True,True,True,True,True,True,True,True,True,True,True,True,True,True,True,True,True,True,True,True,True
